date,close,volume,open,high,low
2/1/16,126.51,4616858,124.92,127.09,123.99
1/29/16,125.76,7616144,123.17,125.76,122.75
1/28/16,122.28,4868943,121.97,122.69,120.31
1/27/16,121.57,5407642,122.46,124.32,120.86
1/26/16,122.2,4469344,121.73,122.45,120.64
1/25/16,121.71,4848860,123.38,123.85,121.56
1/22/16,122.76,6553875,121.64,124.67,121.58
1/21/16,120.22,8992723,117.38,121.94,117.14
1/20/16,116.46,11329730,117.89,118.66,113.5865
1/19/16,119.76,6343204,120.54,121.89,118.8
1/15/16,119.23,10514790,117.12,121.15,116.1
1/14/16,119.62,13380210,121.29,121.515,118.2
1/13/16,121.4,8915501,127.47,127.47,120.97
1/12/16,127.49,5686249,126.78,128.8,125.83
1/11/16,125.78,6784380,124.87,126.08,124.09
1/8/16,123.9,7094629,126.44,126.53,123.5
1/7/16,125.4,12542370,126.93,127.88,124.7
1/6/16,129.08,8198704,129,129.9,128.56
1/5/16,130.43,5316011,131.15,131.94,130.05
1/4/16,131.07,8046245,130.11,131.07,129.45
12/31/15,132.25,3178722,133.08,133.5684,132.24
12/30/15,133.35,2484809,133.58,134.06,133.28
12/29/15,133.7,3037199,133.37,134.3299,133.276
12/28/15,132.68,2607218,132.25,132.9,131.89
12/24/15,132.9,1517075,132.8,133.48,132.66
12/23/15,133.11,3240828,132.49,133.34,131.88
12/22/15,131.88,3398101,131.37,132.2815,130.46
12/21/15,131.31,3409668,131,131.61,130.18
12/18/15,130.29,9807483,130.73,131.31,130.015
12/17/15,131.35,4342642,133.06,133.54,130.995
12/16/15,132.9,4707901,132.17,133.28,130.36
12/15/15,131.29,4921673,132.62,133.49,131.19
12/14/15,132.01,5954492,131.09,132.1255,130.71
12/11/15,130.44,5300539,131.09,132.19,130.31
12/10/15,132.54,4186201,131.96,133.59,131.8
12/9/15,131.9,5054959,133.21,134.78,131.51
12/8/15,133.84,4731195,132.71,134.56,132.41
12/7/15,133.93,5443157,134,134.79,133.1896
12/4/15,134.53,5386788,131.55,134.8299,131.35
12/3/15,130.93,6687458,133.52,134.12,130.8
12/2/15,133.81,5021711,134.56,134.65,133.57
12/1/15,134.43,5267125,133.52,134.63,133.26
11/30/15,133.88,7922742,135.2,135.32,133.01
11/27/15,134.74,3337790,134.81,135.47,134.53
11/25/15,134.65,5299413,133.69,135.24,133.55
11/24/15,133.6,6670001,131.93,133.93,131.74
11/23/15,132.5,6328626,130.21,132.64,130.21
11/20/15,130.21,8187484,127.36,130.21,127.09
11/19/15,126.86,4658096,126.53,127.62,125.95
11/18/15,126.54,6489105,126.44,126.73,124.66
11/17/15,126.18,10508290,124.86,126.34,123.1
11/16/15,120.84,7769342,120.05,121.03,118.61
11/13/15,120,8718716,123.1,123.25,119.9
11/12/15,123.81,4282942,124.18,124.97,123.06
11/11/15,124.71,3247436,125.43,125.43,124.52
11/10/15,125.26,3872569,124.49,125.41,124.04
11/9/15,124.5,4988613,125.8,126.12,123.71
11/6/15,125.98,3751456,125.27,126.1092,124.82
11/5/15,125.72,3080925,125.46,126.008,124.95
11/4/15,125.38,4101588,125.48,125.87,124.62
11/3/15,125.66,4313696,124.23,126.04,123.81
11/2/15,124.41,3715524,124.24,124.64,123.38
10/30/15,123.64,4991511,123.27,124.75,123.27
10/29/15,123.63,4635293,123.42,124.07,122.75
10/28/15,123.82,6821538,124.38,124.59,122.22
10/27/15,124.47,3674795,124.51,125.09,123.82
10/26/15,125.01,4550013,124.55,125.66,124.02
10/23/15,124.61,5278729,125.01,125.75,122.97
10/22/15,124.36,5854207,123.9,124.48,122.88
10/21/15,123.3,3491996,123.29,124.02,122.75
10/20/15,122.85,3318157,122.89,123.17,122.35
10/19/15,123.1,3096601,122.61,123.2,122.2
10/16/15,122.74,4064197,121.63,122.82,121.63
10/15/15,121.81,3444075,120.62,122.03,120.4
10/14/15,120.27,5200401,121.33,121.88,119.56
10/13/15,121.61,2968903,121.77,122.29,121.14
10/12/15,121.9,2861888,121.49,122.45,121
10/9/15,121.33,3893261,121.27,121.5,120.47
10/8/15,121.06,4954066,119.31,121.23,119.15
10/7/15,119.65,4810650,119.2,119.84,118.49
10/6/15,118.68,5272348,119.1,119.2,117.97
10/5/15,119.2,4528383,118.75,119.29,117.91
10/2/15,117.81,4359213,115.56,117.9,114.71
10/1/15,117.03,5208609,116.23,117.13,114.74
9/30/15,115.49,5389841,114.37,115.63,114
9/29/15,112.91,7904719,114.21,114.93,111.8
9/28/15,114.1,5990974,116.53,117.38,113.85
9/25/15,116.74,5477767,117.23,118.165,116.04
9/24/15,116.34,5169510,115.34,116.65,114.8401
9/23/15,116.17,4084807,115.85,116.55,115.66
9/22/15,115.8,4629943,115.4,116.39,114.89
9/21/15,116.58,5201539,115.96,117.11,115.27
9/18/15,115.12,11364370,116.51,117.2,114.98
9/17/15,117.91,6547673,118.33,119.82,117.271
9/16/15,117.82,5282176,116.08,118.025,115.97
9/15/15,116.18,4991266,114.78,116.63,113.9
9/14/15,114.73,4247741,115.5,115.68,114.415
9/11/15,115.44,4472436,113.97,115.46,113.7
9/10/15,114.49,5253580,114,115.41,113.69
9/9/15,113.97,5286652,117.11,117.47,113.7
9/8/15,116.43,5775492,115.69,116.64,114.73
9/4/15,114.42,5748848,114.68,115.69,113.49
9/3/15,116.6,5290782,117.03,118.08,116.18
9/2/15,116.48,6486188,114.83,116.48,114.32
9/1/15,113.07,7388487,113.99,114.75,112.56
8/31/15,116.46,5443965,117.01,117.49,115.93
8/28/15,117.52,5015891,117.43,118.46,116.92
8/27/15,117.66,7569258,117.5,118.09,115.33
8/26/15,115.93,9309031,114.06,116.03,112.08
8/25/15,110.97,10211810,117,117,110.89
8/24/15,112.54,13981320,110.05,115.88,92.1685
8/21/15,116.16,10180150,119.54,120.36,116.15
8/20/15,120.54,5554262,121.98,122.53,120.54
8/19/15,122.76,6487106,122.67,123.79,122.13
8/18/15,122.8,11020570,121.83,123.8,121.15
8/17/15,119.7,7236355,119.1,120.75,118.73
8/14/15,119.75,5133922,119.3,119.89,118.46
8/13/15,119.02,6255309,118,120.14,117.79
8/12/15,117.69,4619961,117.13,117.88,115.7
8/11/15,117.69,4080003,117.02,118.14,116.76
8/10/15,117.6,3408870,117.53,118.34,117.36
8/7/15,116.93,3985469,116.7,117.16,115.78
8/6/15,116.56,4768769,118.39,118.5,116.07
8/5/15,118,4299026,118.38,118.53,117.1001
8/4/15,117.53,3005356,116.63,117.82,116.25
8/3/15,116.89,3645105,117.62,117.7,116.16
7/31/15,117.03,4301048,116.98,118.13,116.37
7/30/15,116.46,3290936,115.94,116.74,115.345
7/29/15,116.37,5100276,115.16,116.76,115.11
7/28/15,114.84,4176783,113.76,115.03,113.18
7/27/15,113.07,4465267,113.37,113.89,112.71
7/24/15,113.59,4427420,114.74,115.23,113.43
7/23/15,114.59,4308850,115.21,116.11,114.43
7/22/15,114.9,5483043,113.96,115.08,113.8
7/21/15,113.86,4658165,113.41,113.97,112.678
7/20/15,113.41,6107437,112.25,114.1095,112.17
7/17/15,114.47,5497466,114.49,115,114
7/16/15,114.73,5234624,115.87,115.91,113.83
7/15/15,115.58,3365021,115.42,116.15,115.07
7/14/15,115.36,3688831,114.5,115.53,114.39
7/13/15,114.9,4168032,114.21,115.02,114.0655
7/10/15,113.1,4631403,112.67,113.48,112.09
7/9/15,111.38,3642461,112.32,112.59,111.2
7/8/15,111,3793965,111.72,112.46,110.8
7/7/15,112.4,5515747,111.72,112.6399,110.7
7/6/15,111.32,3864564,110.27,111.93,110.17
7/2/15,111.49,3845043,112.58,112.75,111.1
7/1/15,112.07,4213677,112.45,112.81,111.47
6/30/15,111.13,5938639,111.15,111.76,110.59
6/29/15,110.54,5185549,111.56,112.32,110.46
6/26/15,112.6,4169908,112.77,113.34,112.23
6/25/15,112.24,4466982,113.24,113.71,112.24
6/24/15,112.35,3716056,112.94,113.68,112.35
6/23/15,113.18,3075714,113.24,113.59,112.93
6/22/15,113.07,3190171,112.93,113.62,112.78
6/19/15,112.43,9198689,111.64,113.3,111.44
6/18/15,111.85,7222290,111.06,112.3,110.76
6/17/15,110.47,5722044,110.73,111.29,109.96
6/16/15,110.23,3466508,109.9,110.45,109.75
6/15/15,110.01,3965003,110.23,110.455,109.55
6/12/15,110.6,4301814,110.89,111.59,110.415
6/11/15,111.29,3642764,111,112.33,111
6/10/15,110.98,3967821,109.9,111.19,109.39
6/9/15,109.53,3658009,109.79,110.25,109.03
6/8/15,109.93,3449460,110.14,110.81,109.83
6/5/15,110.37,4504835,111.34,111.36,110.27
6/4/15,111.46,4328286,112.52,113.16,111.1745
6/3/15,113.16,6337495,111.72,113.48,111.45
6/2/15,111.59,6088000,110.75,112.18,110.64
6/1/15,111.67,5114792,111.97,112.34,111.25
5/29/15,111.42,5308473,111.84,112.59,111.37
5/28/15,112.19,2805141,111.91,112.7,111.86
5/27/15,112.16,4147590,111.04,112.53,110.81
5/26/15,110.93,4609606,112,112.18,110.69
5/22/15,112.16,3693382,111.87,112.53,111.46
5/21/15,112.01,4237562,111.98,112.3299,111.62
5/20/15,112.1,7003181,112.19,112.89,111.22
5/19/15,112.34,11129240,116.12,116.48,112.34
5/18/15,114.33,6849372,113.87,114.6,113.16
5/15/15,113.35,4565344,111.92,113.4,111.82
5/14/15,111.94,3815483,112.05,112.22,110.83
5/13/15,111.19,4340551,112.92,112.95,111.1
5/12/15,112.52,4051081,111.12,112.82,110.83
5/11/15,111.9,3724195,112.24,112.91,111.81
5/8/15,112.47,6435206,112.4,113.4825,112.11
5/7/15,110.04,5399920,108.4,110.7199,108.25
5/6/15,108.31,3996633,108.2,108.91,107.2401
5/5/15,108.06,4164181,109.2,109.88,107.98
5/4/15,110.06,3366614,109.94,110.4497,109.32
5/1/15,109.55,6696297,106.98,109.79,106.85
4/30/15,106.98,9036894,108.56,109.21,106.62
4/29/15,108.71,7230859,110.17,110.31,108.07
4/28/15,110.58,5743170,110.9,111.77,110.05
4/27/15,111.39,5617188,114.05,114.11,111.28
4/24/15,113.7,2879114,113.88,114.04,112.9
4/23/15,113.96,3945180,112.74,114.51,112.56
4/22/15,112.99,4065277,113.2,113.31,112.19
4/21/15,113.17,3899593,113.5,113.98,112.5
4/20/15,112.86,4396662,113,113.69,112.68
4/17/15,112.1,6243558,112.91,113.11,111.7701
4/16/15,113.37,4012490,113.34,113.99,113.02
4/15/15,113.45,4210840,114.58,115.21,113.38
4/14/15,114.05,4072426,114.2,114.98,113.11
4/13/15,114.44,2981806,114.96,115.43,114.35
4/10/15,115.24,3658058,114.47,115.65,114.42
4/9/15,114.57,4673830,115.46,116.2446,114.14
4/8/15,115.59,3750565,113.97,115.81,113.83
4/7/15,114.3,3189099,114.83,115.79,114.23
4/6/15,114.95,3249993,113.45,115.55,113.41
4/2/15,114.54,4064897,112.61,114.92,112.52
4/1/15,113.13,4737287,113.88,114,112.43
3/31/15,113.61,4126894,113.7,115.37,113.55
3/30/15,114.63,3965423,114.96,116.05,114.53
3/27/15,113.86,3878710,112.08,114.23,112
3/26/15,112.37,5406583,113.36,113.43,111.58
3/25/15,113.68,4724133,115.96,116.61,113.64
3/24/15,116.15,4018886,116.2,117.83,116.04
3/23/15,116.07,4094326,117.04,117.75,116.07
3/20/15,117.49,8442616,115.55,117.99,115.33
3/19/15,115.16,3538400,116.21,116.43,115.07
3/18/15,116.08,4773212,115.41,116.42,113.3101
3/17/15,115.58,3715820,115.45,116.0799,115.14
3/16/15,116.5,4818109,115.33,116.61,115.32
3/13/15,114.82,4626684,115.99,116.31,114
3/12/15,116.1,5741665,113.85,116.46,113.77
3/11/15,113.07,4356487,112.68,113.8,112.41
3/10/15,112.56,5684508,113.85,114.34,112.56
3/9/15,115.25,5350753,114.38,115.48,114.37
3/6/15,114.45,5168453,115.96,115.96,114
3/5/15,115.91,4088931,115.23,116.098,115.06
3/4/15,114.76,3798585,115.39,115.47,114.25
3/3/15,116.07,3781749,116.11,116.12,114.8
3/2/15,116.12,5971673,114.86,117.06,114.86
2/27/15,114.75,5729326,115.19,115.67,114.555
2/26/15,115.38,5649527,116,116.42,115.2
2/25/15,116.31,7327196,117.35,117.35,115.85
2/24/15,116.75,12768260,117.5,117.92,115.13
2/23/15,112.28,5620773,112.99,113.16,111.8
2/20/15,112.24,7266499,110.81,112.25,110.05
2/19/15,110.94,5910566,112.01,112.447,110.635
2/18/15,111.99,3731011,111.6,112.17,111
2/17/15,112,6029620,111.69,112.225,110.62
2/13/15,111.89,5099168,112.01,112.39,111.3
2/12/15,112.16,4589899,110.81,112.2,110.21
2/11/15,110.31,4553751,110.6,110.798,109.81
2/10/15,110.67,5254372,108.79,110.85,108.66
2/9/15,108.34,3943688,108.88,109.46,108.04
2/6/15,109.04,4223512,109.28,109.74,108.46
2/5/15,108.99,4471776,108.98,109.34,108.15
2/4/15,108.41,6765342,107.09,109,106.75
2/3/15,107.24,5969710,104.89,107.32,104.81
2/2/15,104.43,5012100,104.78,105,101.57
1/30/15,104.42,6998219,106.36,106.86,104.38
1/29/15,107.62,6529239,105.14,107.74,104.51
1/28/15,104.74,4917293,105.31,107.43,104.6
1/27/15,105.16,4605380,104.78,105.8137,104.4
1/26/15,106.36,4191684,105.36,106.5,105.06
1/23/15,105.37,4075836,106.21,106.48,105.31
1/22/15,106.07,5801770,104.38,106.31,103.54
1/21/15,103.53,5899195,103.05,104.06,102.5
1/20/15,103.25,5335516,104.84,104.95,102.35
1/16/15,104.12,6403231,100.86,104.31,100.24
1/15/15,101.01,6894309,103.32,103.65,100.82
1/14/15,102.64,5384438,102.42,103.41,101.88
1/13/15,103.73,5394401,105.41,106.04,103.15
1/12/15,104.42,4992830,105.17,105.29,104.06
1/9/15,104.89,5717459,106.88,106.88,104.82
1/8/15,106.72,6467399,105.37,106.99,105.02
1/7/15,104.41,5089901,102.29,104.47,101.995
1/6/15,100.95,4912939,102.07,102.07,100.34
1/5/15,101.26,5878149,102.78,102.78,100.79
1/2/15,103.43,4324195,105.16,105.6548,102.67
12/31/14,104.97,5821181,104.75,106.02,104.56
12/30/14,104.27,2924470,104.44,104.74,103.85
12/29/14,104.53,3488956,103.58,104.8,103.261
12/26/14,103.75,2594775,103.98,104.3202,103.48
12/24/14,103.56,1819047,104.05,104.3792,103.56
12/23/14,103.76,4067319,103.66,104.2,103.32
12/22/14,103.5,5383382,102.25,103.57,102.23
12/19/14,101.93,12489180,100.92,102,100.81
12/18/14,100.67,6585262,100.34,100.69,99.3
12/17/14,98.94,6091737,97.59,99.14,97.09
12/16/14,97.06,7831414,99.38,100.232,96.99
12/15/14,100.05,5476127,100.01,101.24,99.29
12/12/14,99.78,5985138,99.69,101.25,99.39
12/11/14,100.27,6863672,99.28,101.4,99.15
12/10/14,98.94,5356939,99.36,100.23,98.82
12/9/14,99.64,5280581,99.69,99.98,98.5856
12/8/14,100.43,6624329,99.71,100.95,99.66
12/5/14,99.64,4648988,98.77,99.68,98.66
12/4/14,98.95,5223599,98.15,99.11,97.78
12/3/14,98.59,4358974,98.1,98.7399,98.04
12/2/14,98.16,4677554,98.62,99,97.99
12/1/14,98.88,4389479,99.49,99.61,98.31
11/28/14,99.4,3305799,98.06,99.8,98
11/26/14,97.7,4337943,97.06,97.71,97.01
11/25/14,97.01,7991894,98.64,98.87,96.41
11/24/14,98.4,4995047,98.68,98.9,98.22
11/21/14,98.28,6804741,98.98,99.1,97.82
11/20/14,97.57,4958379,96.08,97.97,96.02
11/19/14,96.7,6830660,96.55,97.31,96
11/18/14,95.98,10372680,97.15,97.71,93.5
11/17/14,98.03,8572357,98.17,98.945,97.8
11/14/14,98.24,4082079,98.9,99,98.02
11/13/14,99,3182748,98.9,99.36,98.34
11/12/14,98.49,4629148,98.3,98.7,97.61
11/11/14,98.14,3818401,98.46,98.75,97.88
11/10/14,98.16,3662160,97.64,98.17,97
11/7/14,97.65,3429460,97.17,97.75,96.6925
11/6/14,97.29,4015328,96.35,97.51,96.01
11/5/14,95.78,5002514,96.59,96.85,95.15
11/4/14,95.96,5347584,96.06,96.18,95.19
11/3/14,96.09,7613883,96.81,96.83,95.975
10/31/14,97.52,6335892,98.78,99.257,97.33
10/30/14,97.52,4106690,96.12,97.8,96.03
10/29/14,96.42,4275440,96.62,97.2537,95.8006
10/28/14,96.59,5257781,95.91,96.6,95.5
10/27/14,95.47,4465104,94.96,95.68,94.71
10/24/14,94.99,4825237,94.6,95.189,94.13
10/23/14,94.8,5830512,94.5,95.52,94.44
10/22/14,93.34,5908873,94.3,94.99,93.24
10/21/14,94.2,6604719,92.53,94.37,92.12
10/20/14,91.85,5609429,89.87,92.07,89.77
10/17/14,90.24,7007260,89.3,91.12,89.05
10/16/14,88.88,7147588,86.35,89.72,86.35
10/15/14,87.85,12987450,88.09,89.17,86.62
10/14/14,90.1,9711348,90.37,90.53,88.52
10/13/14,90.6,7372091,92.88,92.94,90.4313
10/10/14,92.55,6349811,93.23,93.86,92.54
10/9/14,93.07,6674674,93.91,94.79,93.02
10/8/14,94.09,6618942,92.57,94.16,92.24
10/7/14,92.47,5030302,93.04,93.56,92.44
10/6/14,93.26,4951721,93.72,94.25,93.06
10/3/14,93.54,6200083,92.52,93.68,92.335
10/2/14,92.24,5991202,91.31,92.46,91.07
10/1/14,91.02,5970668,92.14,92.34,90.92
9/30/14,91.74,6773028,93.03,93.21,91.4
9/29/14,92.88,3894623,92.37,93.17,91.95
9/26/14,92.84,4571390,92.29,93,91.8
9/25/14,91.9,4972066,92.8,93,91.55
9/24/14,93.02,6381357,91.68,93.11,91.3501
9/23/14,91.49,6329968,91.79,92.22,91.45
9/22/14,91.89,5208741,91.98,92.42,91.68
9/19/14,92.34,12498810,92.85,93.75,92.2
9/18/14,92.09,6023071,91.83,92.44,91.2
9/17/14,91.22,7068459,90.63,91.54,89.94
9/16/14,90.27,5045137,89.27,90.74,88.53
9/15/14,89.38,3934961,89.18,89.54,88.6
9/12/14,88.84,4593705,89.38,89.5,88.46
9/11/14,89.22,4537833,89.07,89.42,88.62
9/10/14,89.25,6245282,88.66,89.4,88.33
9/9/14,88.93,8101277,90.21,90.33,88.775
9/8/14,90.82,4883709,91.38,91.78,90.57
9/5/14,91.61,7746361,89.66,91.64,89.2809
9/4/14,89.93,8452200,89,90.75,89
9/3/14,89,15410010,91.11,91.31,88.98
9/2/14,91.15,20733660,93.04,93.31,89.85
8/29/14,93.5,7671323,92.74,93.52,92.61
8/28/14,92.51,7575652,91.4,92.73,91.27
8/27/14,91.87,4318054,91.68,91.96,91.311
8/26/14,91.63,5396390,90.98,91.83,90.9
8/25/14,91.2,7317039,91.25,91.82,90.95
8/22/14,91.03,6939238,90.74,91.33,90.65
8/21/14,91.15,8315128,90.68,91.808,90.67
8/20/14,90.75,13394130,88.17,91.07,88.08
8/19/14,88.23,18230060,86.9,88.99,86.57
8/18/14,83.59,9470539,84.21,84.62,83.293
8/15/14,83.69,5383543,84.035,84.09,82.845
8/14/14,83.86,4922998,83.09,83.965,82.74
8/13/14,83.12,4498611,82.98,83.385,82.74
8/12/14,82.92,3657060,82.75,83.09,82.68
8/11/14,82.88,3951965,82.61,83.07,82.5
8/8/14,82.43,7226493,81.07,82.46,80.88
8/7/14,80.47,4045922,80.75,81.07,80.29
8/6/14,80.52,4228246,79.94,81.02,79.85
8/5/14,80.03,5895423,79.78,80.86,79.78
8/4/14,80.03,7022543,79.7,80.25,79.66
8/1/14,79.75,8700584,80.56,81.0799,79.74
7/31/14,80.85,5748862,81.09,81.58,80.85
7/30/14,81.76,5807328,81.5,81.85,81.07
7/29/14,80.98,4536457,81.21,81.81,80.89
7/28/14,81.07,3441091,81.2,81.34,80.66
7/25/14,81.03,4680092,81.1,81.3,80.89
7/24/14,81.2,4358872,81.19,81.54,80.89
7/23/14,81.02,3624880,80.46,81.09,80.21
7/22/14,80.54,6336052,80.36,80.75,80.2
7/21/14,79.71,4112787,80.01,80.03,79.525
7/18/14,80.08,5323227,79.8,80.28,79.45
7/17/14,79.55,7697331,79.45,79.88,79.23
7/16/14,79.66,9033661,80.04,80.24,79.38
7/15/14,79.86,6051871,79.5,80.06,79.42
7/14/14,79.46,7657163,79.92,80.06,79.19
7/11/14,79.61,4746427,79.59,79.9,79.21
7/10/14,79.4,11530910,79.05,79.58,77.95
7/9/14,80.73,6978811,81.11,81.23,80.175
7/8/14,80.76,7322874,81.42,81.53,80.55
7/7/14,81.42,6071028,81.73,82.09,81.14
7/3/14,82.05,2764040,82.07,82.35,81.8
7/2/14,81.98,4185721,81.84,82.18,81.62
7/1/14,81.82,5234564,81.32,81.97,81.22
6/30/14,80.96,5045310,81.02,81.23,80.48
6/27/14,81.13,5010745,80.65,81.47,80.63
6/26/14,80.75,5165179,80.45,80.97,80.12
6/25/14,80.53,4486289,80.36,80.61,80.12
6/24/14,80.43,5579118,80.38,80.83,79.83
6/23/14,80.64,4920429,80.16,80.8,79.97
6/20/14,80.17,13661010,80.69,80.8,79.86
6/19/14,80.44,5095449,80.71,80.85,79.95
6/18/14,80.71,8071483,80.03,80.76,79.79
6/17/14,80.02,9587270,78.84,80.46,78.73
6/16/14,78.9,7164369,77.96,79.09,77.96
6/13/14,78.07,7971776,78.49,78.59,77.75
6/12/14,78.43,7643311,79.73,79.78,78.2
6/11/14,79.81,4918060,80.46,80.73,79.76
6/10/14,80.74,4238446,80.26,80.85,80.22
6/9/14,80.61,3718643,80.63,81.32,80.42
6/6/14,80.64,4460294,80.58,81.27,80.51
6/5/14,80.38,5666434,80.67,80.86,80.28
6/4/14,80.54,4959660,80.32,80.89,80.06
6/3/14,80.67,5477706,80.19,80.88,80.15
6/2/14,80.84,6817683,80.25,81.06,80.17
5/30/14,80.23,4528008,79.77,80.27,79.58
5/29/14,79.9,4408854,79.88,79.99,79.44
5/28/14,79.68,4002161,79.75,80,79.27
5/27/14,79.69,4760558,79.38,80,79.3
5/23/14,79.18,5003115,78.77,79.4,78.51
5/22/14,78.78,5265269,77.76,79.05,77.76
5/21/14,78.08,6693930,78.25,78.51,77.75
5/20/14,77.96,15431800,77.92,78.82,77.4
5/19/14,76.5,7733780,76.58,77.07,76.37
5/16/14,77.36,7037154,76.79,77.37,76.6576
5/15/14,76.24,6304743,76.05,76.29,75.32
5/14/14,76.31,6869972,77.33,77.37,76.17
5/13/14,77.27,5455195,78.36,78.675,77.04
5/12/14,78.27,4324168,77.82,78.44,77.7506
5/9/14,77.71,4345185,77.06,77.75,76.81
5/8/14,77.05,5484906,76.94,77.73,76.66
5/7/14,77.08,5378509,77.85,77.96,76.52
5/6/14,77.42,6470591,78.64,78.755,77.35
5/5/14,78.69,3520928,79.04,79.18,78.56
5/2/14,79.4,3738436,79.32,80.16,79.155
5/1/14,79.33,3936711,79.51,79.65,78.95
4/30/14,79.51,8524111,79.74,79.74,78.73
4/29/14,79.52,5146542,80.32,80.32,79.52
4/28/14,80.17,14562450,79.53,81.15,79.33
4/25/14,79.38,6381363,79.41,79.7,79.03
4/24/14,79.77,7271561,78.97,79.81,78.72
4/23/14,78.52,7496778,79.87,80.05,78.4401
4/22/14,79.67,11188380,78.74,80.23,78.63
4/21/14,77.96,6252090,78.35,78.35,77.67
4/17/14,77.09,6874985,76.26,77.68,75.91
4/16/14,76.58,6104612,76.42,76.58,75.8
4/15/14,75.89,7022929,76.29,76.4,74.61
4/14/14,75.97,8677247,76.3,76.86,75.51
4/11/14,75.7,8399109,76.62,77.06,75.65
4/10/14,76.78,6201531,77.62,78.22,76.7
4/9/14,77.76,8027604,77.24,77.93,77.14
4/8/14,77.11,7370955,76.91,77.44,76.42
4/7/14,77.13,11121260,78.69,78.69,77.03
4/4/14,78.72,6422002,79.64,79.7,78.49
4/3/14,79.4,5505425,79.95,80.02,78.98
4/2/14,79.95,6611747,79.54,80.76,79.485
4/1/14,79.38,6697614,79.24,80.29,79.24
3/31/14,79.13,5736200,79.21,79.33,78.84
3/28/14,78.72,5132162,78.92,79.5,78.49
3/27/14,78.68,5787123,78.63,79.02,78.37
3/26/14,78.87,6364569,79.49,79.78,78.7
3/25/14,79.47,5364047,80.05,80.09,79.1599
3/24/14,79.66,7574236,80.41,80.46,79.2
3/21/14,80.42,10086150,80.78,81.9,80.25
3/20/14,80.09,5097830,79.71,80.24,79.47
3/19/14,79.75,6568371,79.97,80.485,79.4
3/18/14,79.82,5032166,79.65,80.56,79.62
3/17/14,79.58,5547629,79.57,80.185,79.25
3/14/14,79.38,6724041,78.82,79.88,78.79
3/13/14,78.8,7665827,81.06,81.06,78.72
3/12/14,80.56,7048729,80.73,80.85,80.24
3/11/14,81.29,4667867,81.69,81.8499,81.05
3/10/14,82.18,4138981,82.44,82.54,81.73
3/7/14,82.55,5287667,82.61,82.67,82.04
3/6/14,82.41,6168357,82.78,82.89,82.23
3/5/14,82.91,5069930,82.91,83.2,82.575
3/4/14,82.87,6367641,82.89,83.2,82.71
3/3/14,82,8359542,80.73,82.0299,80.62
2/28/14,82.03,7239631,81.89,83.1,81.39
2/27/14,81.97,6040850,81.66,82.2,80.61
2/26/14,81.7,9737766,80.99,82.71,80.79
2/25/14,80.98,13421680,79.68,81,79.33
2/24/14,77.87,11739470,77.84,78.25,77.46
2/21/14,77.74,7764529,77.36,78.04,77.36
2/20/14,77.48,5852170,76.59,77.56,76.54
2/19/14,76.45,7767813,77.25,77.52,76.4
2/18/14,77.57,4954668,77.92,78.08,77.07
2/14/14,77.93,4754256,77.75,78.13,77.32
2/13/14,77.59,6586929,77.34,77.8654,76.94
2/12/14,77.28,7345888,76.91,77.33,76.67
2/11/14,76.7,6292925,76.44,76.99,76.17
2/10/14,76.41,6343565,76.56,76.59,75.88
2/7/14,76.45,6223654,76.17,76.6,75.85
2/6/14,76.16,6107123,75.19,76.2,75.17
2/5/14,75.26,10080320,74.73,75.545,73.96
2/4/14,74.97,9573437,75.51,75.85,74.17
2/3/14,75.09,9527012,76.64,76.73,74.93
1/31/14,76.85,10592160,76.2,77.47,75.85
1/30/14,76.93,6820872,77.23,77.76,76.6499
1/29/14,76.68,9195317,78.28,78.75,76.63
1/28/14,78.54,10586490,78.42,78.93,77.821
1/27/14,78.94,6591201,78.86,79.17,78.52
1/24/14,79.16,7120460,79.61,80,79.16
1/23/14,80.24,6386966,79.62,80.3,79.19
1/22/14,80.2,5821612,80.66,80.81,79.92
1/21/14,80.46,6932848,81.3,81.5,79.81
1/17/14,81,6177964,81.32,81.35,80.65
1/16/14,81.26,4871229,80.9,81.38,80.78
1/15/14,81.07,5196781,80.85,81.43,80.74
1/14/14,81.01,5217305,81.28,81.488,80.61
1/13/14,80.97,6952443,81.61,82.13,80.96
1/10/14,82.01,4980999,81.72,82.04,81.42
1/9/14,81.57,4966037,81.9,81.94,80.975
1/8/14,81.93,4662272,81.54,81.94,81.03
1/7/14,81.5,4630919,81.31,81.92,81.08
1/6/14,81.1,11188820,81.65,81.98,81.1
1/3/14,81.89,3897892,81.91,82.48,81.83
1/2/14,82.02,4253436,82.11,82.57,81.8
12/31/13,82.34,4493565,81.99,82.47,81.715
12/30/13,81.94,3526134,81.67,81.98,81.459
12/27/13,81.64,3961946,81.65,82.24,81.22
12/26/13,81.55,3848844,80.84,81.74,80.81
12/24/13,80.64,1819821,80.56,80.96,80.56
12/23/13,80.56,3941347,80.07,80.92,80.04
12/20/13,80.04,11232930,80.18,80.83,80.04
12/19/13,79.95,6620775,80.08,80.47,79.64
12/18/13,80.05,8170261,78.8,80.06,78.3101
12/17/13,78.62,6225973,79.31,79.37,78.61
12/16/13,79.1,7088525,79.21,79.76,78.93
12/13/13,79.01,6027082,79.09,79.57,78.52
12/12/13,78.53,8535166,78.99,79.2,78.28
12/11/13,79,7827675,78.38,79.81,78.38
12/10/13,78.61,7437628,79.32,79.93,78.4
12/9/13,79.6,5799770,79.91,80.6,79.53
12/6/13,79.84,5094551,79.08,80.05,78.81
12/5/13,78.54,6264911,78.32,79.54,78.27
12/4/13,78.4,7148759,78.15,78.75,77.7
12/3/13,78.71,7276894,78.96,79.48,78.31
12/2/13,79.77,5915591,80.45,80.75,79.52
11/29/13,80.67,3372554,80.88,81.39,80.63
11/27/13,80.66,5449999,80.34,80.75,80.12
11/26/13,80.35,9360711,80.21,80.9,80.09
11/25/13,79.75,5496060,79.3,80.04,79.3
11/22/13,79.18,7786247,79.6,79.82,78.78
11/21/13,79.83,5618639,80.06,80.06,79.36
11/20/13,79.75,7236910,80.73,80.73,79.38
11/19/13,80.38,12234410,82.22,82.27,80.26
11/18/13,79.67,8611705,80,80.4699,79.19
11/15/13,80.03,10400400,78.84,80.09,78.5626
11/14/13,78.94,6816478,78.14,79.34,78.06
11/13/13,77.6,7049386,75.69,77.69,75.69
11/12/13,76.18,6629223,75.84,76.59,75.72
11/11/13,75.37,5774005,75.27,75.6671,74.93
11/8/13,75.48,9215266,75.28,75.71,74.78
11/7/13,75.69,5392468,76.82,77.19,75.67
11/6/13,76.42,5065727,76.72,76.79,75.91
11/5/13,76.65,6035337,76.78,76.8,76.07
11/4/13,77,3906518,77.18,77.42,76.61
11/1/13,76.99,7178344,77.98,78.03,76.84
10/31/13,77.89,7560743,77.99,78.4461,77.52
10/30/13,77.88,7251856,77.68,78.6,77.52
10/29/13,77.5,7248015,76.45,77.55,76.39
10/28/13,76.06,7692306,76.15,76.4,75.8
10/25/13,76.25,5931374,76.55,76.61,76.01
10/24/13,76.78,7927389,75.42,76.84,75.41
10/23/13,75.08,5526080,74.54,75.41,74.51
10/22/13,74.86,6838493,75.04,75.125,74.5901
10/21/13,74.62,7552031,74.6,74.8,74.15
10/18/13,74.69,14334800,75.26,75.5,73.74
10/17/13,75.74,7176370,74.51,75.81,74.505
10/16/13,74.94,12857770,75.44,75.59,74.57
10/15/13,75.18,6645372,76.14,76.24,75.09
10/14/13,76.35,4119042,75.74,76.52,75.59
10/11/13,76.32,6919428,75.45,76.63,75.42
10/10/13,75.51,6092849,75.04,75.51,74.74
10/9/13,74.14,6817619,74.35,74.64,73.9
10/8/13,74.27,8997924,75.02,75.27,74.17
10/7/13,75.13,5087016,75.4,75.85,75.0939
10/4/13,75.78,4855790,75.8,76.245,75.48
10/3/13,75.88,6979725,76.4,76.83,75.51
10/2/13,76.32,5118372,75.86,76.38,75.44
10/1/13,76.26,4401271,75.88,76.42,75.64
9/30/13,75.85,6261690,75.18,76.08,74.96
9/27/13,75.96,4058704,75.65,76.094,75.38
9/26/13,76.07,3798205,75.62,76.42,75.62
9/25/13,75.52,6785628,75.88,76.31,75.26
9/24/13,76.04,5302955,75.8,76.79,75.58
9/23/13,75.91,6248835,76.46,76.76,75.765
9/20/13,77,14145790,78.81,78.81,77
9/19/13,78.51,7693716,77.84,78.72,77.64
9/18/13,77.37,10594320,75.77,77.98,75.35
9/17/13,75.8,6825612,75.64,76.15,75.57
9/16/13,75.54,8059689,76.05,76.29,75.2
9/13/13,75.11,4888448,75.33,75.41,74.84
9/12/13,75.4,6872191,75.18,75.74,74.97
9/11/13,75.04,6441482,74.66,75.11,74.16
9/10/13,74.6,6438730,73.96,74.65,73.7413
9/9/13,73.58,5781756,72.98,73.79,72.9
9/6/13,72.7,9968421,73.55,73.56,72.21
9/5/13,72.99,11039010,74.07,74.21,72.84
9/4/13,74.14,8271376,73.98,74.51,73.74
9/3/13,73.9,7793336,74.83,75.25,73.68
8/30/13,74.49,6331330,75.12,75.13,74.18
8/29/13,75.05,5704196,74.97,75.66,74.8
8/28/13,75.03,7076031,74.11,75.32,74.01
8/27/13,74.12,8262077,74.85,75.23,73.95
8/26/13,75.43,10362080,73.83,76.15,73.82
8/23/13,73.89,7740196,74.15,74.2,73.11
8/22/13,74,6668748,73.91,74.2,73.35
8/21/13,73.73,10788410,74.6,75.33,73.43
8/20/13,74.29,17033550,77.04,77.5,73.65
8/19/13,75.21,9169086,75.49,76.44,75.18
8/16/13,75.38,9138217,75.19,76.35,74.93
8/15/13,75.14,13701900,76.48,76.6,74.86
8/14/13,77.44,8648070,79.15,79.23,77.181
8/13/13,79.44,6956433,79.14,79.64,78.08
8/12/13,79.2,3844371,78.62,79.54,78.58
8/9/13,78.97,5299285,79.68,79.73,78.53
8/8/13,80.04,4467887,79.43,80.22,79.09
8/7/13,78.83,5322219,79.56,79.57,78.6
8/6/13,80.05,6311102,79.62,80.33,78.74
8/5/13,79.66,3578466,79.95,79.9548,79.37
8/2/13,80.23,5931019,78.64,80.5,78.5
8/1/13,78.64,6727052,79.52,79.97,78.61
7/31/13,79.03,5914986,78.69,79.73,78.69
7/30/13,78.6,4813374,79.17,79.27,78.52
7/29/13,78.67,5178957,78.64,78.98,78.37
7/26/13,78.74,5577505,78.42,79.37,78.25
7/25/13,78.99,9966049,80.09,80.1,77.89
7/24/13,80.27,4814193,80.45,80.47,79.58
7/23/13,80.19,4984877,80.14,80.47,79.86
7/22/13,80,5957715,79.98,80.06,79.25
7/19/13,79.89,5885347,79.95,80.12,79.42
7/18/13,80.02,5297553,80.33,80.45,79.96
7/17/13,80.44,5702336,80.76,81.23,80.3901
7/16/13,80.22,5032677,80.41,80.69,79.84
7/15/13,80.4,5041578,80.63,81.15,80.17
7/12/13,80.54,5178396,79.92,80.75,79.92
7/11/13,79.86,6846479,80.27,80.68,79.58
7/10/13,79.4,5460770,79.67,79.7,78.61
7/9/13,79.7,4987045,79.54,80.15,79.33
7/8/13,79.22,6051852,78.56,79.54,78.54
7/5/13,78.29,4991875,77.91,78.56,77.4
7/3/13,77.73,3034831,76.99,77.99,76.92
7/2/13,77.31,6887888,77.29,78.12,76.96
7/1/13,76.87,7470940,77.63,77.8099,76.63
6/28/13,77.47,12488980,76.16,77.79,75.92
6/27/13,76.27,6682118,75.99,76.82,75.8
6/26/13,75.67,7389729,74.79,75.87,74.58
6/25/13,74.14,8522636,74.07,74.725,73.8
6/24/13,73.51,10213650,72.9,74.02,72.41
6/21/13,73.82,15552430,74.49,74.69,73.02
6/20/13,73.87,12366110,75.43,75.43,73.8
6/19/13,75.93,8027510,77.07,77.27,75.92
6/18/13,77.19,6421678,76.12,77.37,76.12
6/17/13,76.14,9315859,77.08,77.48,75.69
6/14/13,76.59,8612697,76.22,76.95,76.07
6/13/13,76.53,9193759,76.35,76.83,76.08
6/12/13,76.4,7360081,78.04,78.3,76.36
6/11/13,77.61,5979343,77.23,78.53,76.96
6/10/13,77.73,7627817,78.94,79.68,77.53
6/7/13,78.74,6556046,77.73,78.97,77.59
6/6/13,77.26,11514410,75.02,77.37,75.01
6/5/13,75.1,8760727,76.11,76.85,74.905
6/4/13,76.63,8791664,78.5,78.82,76.08
6/3/13,79.08,6191721,78.65,79.08,78.05
5/31/13,78.66,6910261,79.54,80.38,78.66
5/30/13,79.44,5446422,79.55,80.1,79.13
5/29/13,79.49,7126628,79.38,79.87,79.09
5/28/13,79.82,7701856,79.94,80.63,79.49
5/24/13,78.99,6188201,78.5,79.39,78.31
5/23/13,78.91,9617339,78.89,79.25,77.7901
5/22/13,79.69,14829750,79.26,81.56,79.18
5/21/13,78.71,14105240,79.33,79.47,78.06
5/20/13,76.76,8795673,76.77,77,76.5
5/17/13,76.86,8605502,76.34,77.15,76.2
5/16/13,76.75,8291125,77.5,78.54,76.69
5/15/13,77.88,6705780,77.6,78.25,77.436
5/14/13,77.32,6071714,76.78,77.42,76.75
5/13/13,76.67,4465950,76.01,76.85,75.95
5/10/13,76.01,5170939,76.14,76.2,75.41
5/9/13,75.87,6336943,75.36,76.18,75.36
5/8/13,75.42,6533366,75.19,75.5,74.92
5/7/13,75.07,5582351,75.24,75.2841,74.5962
5/6/13,75.26,5731178,73.88,75.37,73.88
5/3/13,73.96,4950201,73.72,74.41,73.72
5/2/13,73.33,3708843,72.77,73.48,72.53
5/1/13,72.76,5554634,73.18,73.59,72.64
4/30/13,73.35,6602008,73.5,74.01,73.22
4/29/13,73.67,4514473,73.44,74.02,73.39
4/26/13,73.35,4976019,73.24,73.69,73.13
4/25/13,73.37,5619682,73.31,73.79,73.201
4/24/13,73.28,6248256,73.55,73.85,73.26
4/23/13,73.38,7885748,74.14,74.59,72.63
4/22/13,73.86,7132638,73.92,74.22,73.24
4/19/13,74,9566824,72.92,74.275,72.72
4/18/13,72.48,7477825,72.67,72.9,72.29
4/17/13,72.8,8838675,72.22,72.97,71.94
4/16/13,72.46,8120152,72.55,72.8,72.03
4/15/13,72.23,8360751,73.35,74.19,72.2101
4/12/13,73.62,10467930,72.41,73.66,72.15
4/11/13,71.9,7626521,71.83,72.6,71.733
4/10/13,71.69,5423590,71.4,71.785,70.97
4/9/13,71.2,5994935,71.23,71.57,70.95
4/8/13,71.22,6097143,69.78,71.25,69.78
4/5/13,70.06,6978550,70,70.25,69.61
4/4/13,70.69,6613010,70.36,70.8,70.08
4/3/13,70.36,7793895,70.85,70.94,70.02
4/2/13,71.02,7284076,69.9,71.05,69.83
4/1/13,69.67,5359503,69.51,70.77,69.51
3/28/13,69.78,6725614,69.44,69.96,69.33
3/27/13,69.65,4156287,69.21,69.7,69
3/26/13,70.05,4661146,69.66,70.4,69.55
3/25/13,69.47,6956063,69.8,70.36,69.27
3/22/13,69.56,5244658,69.23,69.57,68.8028
3/21/13,68.95,8036310,68.65,69.31,68.42
3/20/13,68.88,6108547,69.39,69.55,68.835
3/19/13,68.79,7654770,69.55,69.74,68.56
3/18/13,69.35,5984683,68.45,69.91,68.45
3/15/13,69.05,11264740,70.03,70.19,69.05
3/14/13,70.24,6290453,70.87,70.96,70.18
3/13/13,70.76,5826927,70.79,70.94,70.35
3/12/13,70.75,4449825,70.9,71.14,70.46
3/11/13,71.32,4902463,71.32,71.38,71
3/8/13,71.37,6472126,70.59,71.45,70.39
3/7/13,70.25,4997087,70.4,70.5,69.94
3/6/13,70.48,5275314,70.47,70.959,70.275
3/5/13,70.47,8311263,70.58,70.965,70.12
3/4/13,70.29,8375024,68.95,70.3,68.93
3/1/13,69.03,6241992,68.38,69.115,68.09
2/28/13,68.5,8705215,67.91,69.1876,67.86
2/27/13,68.06,14170760,67.58,68.28,67.37
2/26/13,67.56,22792740,65.56,68,65.49
2/25/13,63.92,10267110,65.96,66.55,63.82
2/22/13,65.58,7500982,64.8,65.74,64.5
2/21/13,64.38,10613880,65.86,65.92,64.29
2/20/13,66.44,5598632,67.44,67.6,66.37
2/19/13,67.55,5454681,67.63,67.92,66.95
2/15/13,67.52,8132222,67.52,67.989,66.8
2/14/13,67.34,5403007,67.13,67.47,66.96
2/13/13,67.45,3668587,67.52,67.67,67.18
2/12/13,67.32,4932264,66.7,67.43,66.52
2/11/13,66.38,3951317,66.87,66.98,66.225
2/8/13,67.01,4457840,66.55,67.02,66.41
2/7/13,66.31,5743781,66.65,66.6961,65.83
2/6/13,66.67,5184219,66.04,66.7225,66
2/5/13,66.39,7111841,66.63,66.93,66.31
2/4/13,66.36,4728689,66.86,67.22,66.32
2/1/13,67.3,4984038,67.62,67.74,67.205